--
-- PostgreSQL database dump
--

-- Dumped from database version 14.4
-- Dumped by pg_dump version 14.4

-- Started on 2022-12-11 13:58:39

SET statement_timeout = 0;
SET lock_timeout = 0;
SET idle_in_transaction_session_timeout = 0;
SET client_encoding = 'UTF8';
SET standard_conforming_strings = on;
SELECT pg_catalog.set_config('search_path', '', false);
SET check_function_bodies = false;
SET xmloption = content;
SET client_min_messages = warning;
SET row_security = off;

SET default_tablespace = '';

SET default_table_access_method = heap;

--
-- TOC entry 210 (class 1259 OID 17093)
-- Name: category; Type: TABLE; Schema: public; Owner: postgres
--

CREATE TABLE public.category (
    id integer NOT NULL,
    name character varying(255)
);


ALTER TABLE public.category OWNER TO postgres;

--
-- TOC entry 209 (class 1259 OID 17092)
-- Name: category_id_seq; Type: SEQUENCE; Schema: public; Owner: postgres
--

ALTER TABLE public.category ALTER COLUMN id ADD GENERATED BY DEFAULT AS IDENTITY (
    SEQUENCE NAME public.category_id_seq
    START WITH 1
    INCREMENT BY 1
    NO MINVALUE
    NO MAXVALUE
    CACHE 1
);


--
-- TOC entry 212 (class 1259 OID 17099)
-- Name: image; Type: TABLE; Schema: public; Owner: postgres
--

CREATE TABLE public.image (
    id integer NOT NULL,
    file_name character varying(255),
    product_id integer NOT NULL
);


ALTER TABLE public.image OWNER TO postgres;

--
-- TOC entry 211 (class 1259 OID 17098)
-- Name: image_id_seq; Type: SEQUENCE; Schema: public; Owner: postgres
--

ALTER TABLE public.image ALTER COLUMN id ADD GENERATED BY DEFAULT AS IDENTITY (
    SEQUENCE NAME public.image_id_seq
    START WITH 1
    INCREMENT BY 1
    NO MINVALUE
    NO MAXVALUE
    CACHE 1
);


--
-- TOC entry 214 (class 1259 OID 17105)
-- Name: orders; Type: TABLE; Schema: public; Owner: postgres
--

CREATE TABLE public.orders (
    id integer NOT NULL,
    count integer NOT NULL,
    date_time timestamp without time zone,
    number character varying(255),
    price real NOT NULL,
    status integer,
    person_id integer NOT NULL,
    product_id integer NOT NULL
);


ALTER TABLE public.orders OWNER TO postgres;

--
-- TOC entry 213 (class 1259 OID 17104)
-- Name: orders_id_seq; Type: SEQUENCE; Schema: public; Owner: postgres
--

ALTER TABLE public.orders ALTER COLUMN id ADD GENERATED BY DEFAULT AS IDENTITY (
    SEQUENCE NAME public.orders_id_seq
    START WITH 1
    INCREMENT BY 1
    NO MINVALUE
    NO MAXVALUE
    CACHE 1
);


--
-- TOC entry 216 (class 1259 OID 17111)
-- Name: person; Type: TABLE; Schema: public; Owner: postgres
--

CREATE TABLE public.person (
    id integer NOT NULL,
    login character varying(100),
    password character varying(255),
    role character varying(255)
);


ALTER TABLE public.person OWNER TO postgres;

--
-- TOC entry 215 (class 1259 OID 17110)
-- Name: person_id_seq; Type: SEQUENCE; Schema: public; Owner: postgres
--

ALTER TABLE public.person ALTER COLUMN id ADD GENERATED BY DEFAULT AS IDENTITY (
    SEQUENCE NAME public.person_id_seq
    START WITH 1
    INCREMENT BY 1
    NO MINVALUE
    NO MAXVALUE
    CACHE 1
);


--
-- TOC entry 218 (class 1259 OID 17119)
-- Name: product; Type: TABLE; Schema: public; Owner: postgres
--

CREATE TABLE public.product (
    id integer NOT NULL,
    date_time timestamp without time zone,
    description text NOT NULL,
    price real NOT NULL,
    seller text NOT NULL,
    title text NOT NULL,
    warehouse character varying(255) NOT NULL,
    category_id integer NOT NULL,
    CONSTRAINT product_price_check CHECK ((price >= (1)::double precision))
);


ALTER TABLE public.product OWNER TO postgres;

--
-- TOC entry 220 (class 1259 OID 17128)
-- Name: product_cart; Type: TABLE; Schema: public; Owner: postgres
--

CREATE TABLE public.product_cart (
    id integer NOT NULL,
    person_id integer,
    product_id integer
);


ALTER TABLE public.product_cart OWNER TO postgres;

--
-- TOC entry 219 (class 1259 OID 17127)
-- Name: product_cart_id_seq; Type: SEQUENCE; Schema: public; Owner: postgres
--

ALTER TABLE public.product_cart ALTER COLUMN id ADD GENERATED BY DEFAULT AS IDENTITY (
    SEQUENCE NAME public.product_cart_id_seq
    START WITH 1
    INCREMENT BY 1
    NO MINVALUE
    NO MAXVALUE
    CACHE 1
);


--
-- TOC entry 217 (class 1259 OID 17118)
-- Name: product_id_seq; Type: SEQUENCE; Schema: public; Owner: postgres
--

ALTER TABLE public.product ALTER COLUMN id ADD GENERATED BY DEFAULT AS IDENTITY (
    SEQUENCE NAME public.product_id_seq
    START WITH 1
    INCREMENT BY 1
    NO MINVALUE
    NO MAXVALUE
    CACHE 1
);


--
-- TOC entry 3350 (class 0 OID 17093)
-- Dependencies: 210
-- Data for Name: category; Type: TABLE DATA; Schema: public; Owner: postgres
--

INSERT INTO public.category (id, name) VALUES (1, 'Продукты');
INSERT INTO public.category (id, name) VALUES (2, 'Бытовая техника');
INSERT INTO public.category (id, name) VALUES (3, 'Электроника');


--
-- TOC entry 3352 (class 0 OID 17099)
-- Dependencies: 212
-- Data for Name: image; Type: TABLE DATA; Schema: public; Owner: postgres
--

INSERT INTO public.image (id, file_name, product_id) VALUES (1, '5d39d094-aed6-4db6-aa53-a91ced87aeab.1.jpg', 1);
INSERT INTO public.image (id, file_name, product_id) VALUES (2, '3bb48df3-4e16-4c19-b182-30ad9d7dee88.2.jpg', 1);
INSERT INTO public.image (id, file_name, product_id) VALUES (3, 'dbb58da2-537c-41be-827e-486d9a1dc31c.3.jpg', 1);
INSERT INTO public.image (id, file_name, product_id) VALUES (4, '519312b3-bf66-4223-9a51-c71a9715d2a5.4.jpg', 1);
INSERT INTO public.image (id, file_name, product_id) VALUES (5, '52460331-3fcb-4300-8f79-68018d5455b8.5.jpg', 1);
INSERT INTO public.image (id, file_name, product_id) VALUES (6, '5fb45575-1add-4693-94d9-42e33155bbf8.1.jpg', 2);
INSERT INTO public.image (id, file_name, product_id) VALUES (7, 'c7c71928-f14a-4675-8623-b3f780a664f3.2.jpg', 2);
INSERT INTO public.image (id, file_name, product_id) VALUES (8, 'fce3c960-65c6-4ce3-a5a8-8a3536c44b13.3.jpg', 2);
INSERT INTO public.image (id, file_name, product_id) VALUES (9, '79300765-48a8-4903-af3f-b834f249bcf1.4.jpg', 2);
INSERT INTO public.image (id, file_name, product_id) VALUES (10, 'b0da4c8e-904b-485b-847f-f373e4034973.5.jpg', 2);
INSERT INTO public.image (id, file_name, product_id) VALUES (11, '69fb5901-5a51-49e6-b62e-dc0f5cff3c78.1.jpg', 3);
INSERT INTO public.image (id, file_name, product_id) VALUES (12, '126041a4-1ec6-4464-a27e-2389d65b039b.2.jpg', 3);
INSERT INTO public.image (id, file_name, product_id) VALUES (13, 'f0461742-5b84-4318-8d64-94018ba18329.3.jpg', 3);
INSERT INTO public.image (id, file_name, product_id) VALUES (14, '398be2d6-f65f-47d9-8e95-24ac10e23785.4.jpg', 3);
INSERT INTO public.image (id, file_name, product_id) VALUES (15, '6ca378c1-f583-4534-93f8-375bad426308.5.jpg', 3);
INSERT INTO public.image (id, file_name, product_id) VALUES (16, '291a6cf4-e0b1-4c80-875b-315ebfc37daa.1.jpg', 4);
INSERT INTO public.image (id, file_name, product_id) VALUES (17, '114fb278-969c-4484-bae6-00aa51843cf5.2.jpg', 4);
INSERT INTO public.image (id, file_name, product_id) VALUES (18, '211daff8-d72a-47b7-b55b-708939cc64dc.3.jpg', 4);
INSERT INTO public.image (id, file_name, product_id) VALUES (19, '42c1aa30-7c17-41b5-a23f-cceec5dc7c2c.4.jpg', 4);
INSERT INTO public.image (id, file_name, product_id) VALUES (20, 'fb2ceaea-1f59-4f7f-9283-6e6ea68c57db.1.jpg', 4);
INSERT INTO public.image (id, file_name, product_id) VALUES (21, '1c0e875e-6285-46c7-948f-781bf0afa08d.1.jpg', 5);
INSERT INTO public.image (id, file_name, product_id) VALUES (22, 'a27b2ed1-5ebc-4153-b196-faa8af03cbf7.2.jpg', 5);
INSERT INTO public.image (id, file_name, product_id) VALUES (23, 'dba44109-02cb-41ec-9bda-b14864accaf0.3.jpg', 5);
INSERT INTO public.image (id, file_name, product_id) VALUES (24, '3533d49f-b486-4df3-93c8-d6cc100c7436.4.jpg', 5);
INSERT INTO public.image (id, file_name, product_id) VALUES (25, '213072b5-2924-4157-a4ab-cd88a395815e.5.jpg', 5);
INSERT INTO public.image (id, file_name, product_id) VALUES (26, 'c8561614-fd2e-4d50-8dac-b4d492509e2f.1.jpg', 6);
INSERT INTO public.image (id, file_name, product_id) VALUES (27, '89d34bcf-6e82-4022-bfb5-07f1636e3ced.2.jpg', 6);
INSERT INTO public.image (id, file_name, product_id) VALUES (28, '9b89b735-0e04-4668-8dd4-4bfe2151c66a.3.jpg', 6);
INSERT INTO public.image (id, file_name, product_id) VALUES (29, '80cc3c28-b495-4d45-9487-9aaf6e8b7667.4.jpg', 6);
INSERT INTO public.image (id, file_name, product_id) VALUES (30, '385f9871-9fe8-48ac-99d1-ad0114672b21.5.jpg', 6);
INSERT INTO public.image (id, file_name, product_id) VALUES (31, '49fbfc65-595f-4744-b0ce-2e58c71e74b9.1.jpg', 7);
INSERT INTO public.image (id, file_name, product_id) VALUES (32, 'dd7b9842-71ee-4a96-8c7a-037917829cc5.2.jpg', 7);
INSERT INTO public.image (id, file_name, product_id) VALUES (33, '9af8b054-c1f4-4a2a-8c94-9f0461f503e9.2.webp', 7);
INSERT INTO public.image (id, file_name, product_id) VALUES (34, 'b2c2ce10-edca-41a2-85cd-525edc1f4b82.3.jpg', 7);
INSERT INTO public.image (id, file_name, product_id) VALUES (35, '01e73d95-f1d3-4382-99cf-1954a3593126.5.jpg', 7);
INSERT INTO public.image (id, file_name, product_id) VALUES (36, 'b0400d4e-ae9d-49ef-84b4-10da3be866cf.1.jpg', 8);
INSERT INTO public.image (id, file_name, product_id) VALUES (37, '8a3a46ac-5bc4-48a3-9582-9c8541b44dbf.2.jpg', 8);
INSERT INTO public.image (id, file_name, product_id) VALUES (38, '18357d7c-a75d-4031-b630-2f5465eeb62b.3.jpg', 8);
INSERT INTO public.image (id, file_name, product_id) VALUES (39, '7f40cd27-5c7b-4760-96d7-ca4f5bfad92f.4.jpg', 8);
INSERT INTO public.image (id, file_name, product_id) VALUES (40, 'a8960414-cce3-45d2-9175-bf758a735d69.5.jpg', 8);
INSERT INTO public.image (id, file_name, product_id) VALUES (41, '10999242-a49e-4b17-b2d1-00f7e447e3cb.1.jpg', 9);
INSERT INTO public.image (id, file_name, product_id) VALUES (42, 'b1489553-9ed0-4716-bde4-6e355885ec6b.2.jpg', 9);
INSERT INTO public.image (id, file_name, product_id) VALUES (43, '39df9518-150d-487c-9cbf-4c1f4243361f.3.jpg', 9);
INSERT INTO public.image (id, file_name, product_id) VALUES (44, 'a115f1af-0c98-4586-81e9-39a69327a6db.4.jpg', 9);
INSERT INTO public.image (id, file_name, product_id) VALUES (45, '4a2cd879-8a0d-4e68-ab1f-a1e59393e1b6.5.jpg', 9);


--
-- TOC entry 3354 (class 0 OID 17105)
-- Dependencies: 214
-- Data for Name: orders; Type: TABLE DATA; Schema: public; Owner: postgres
--

INSERT INTO public.orders (id, count, date_time, number, price, status, person_id, product_id) VALUES (1, 1, '2022-12-04 14:12:45.533068', 'eb3e5dc8-8444-40c8-b77e-1a772162df73', 28990, 5, 2, 4);
INSERT INTO public.orders (id, count, date_time, number, price, status, person_id, product_id) VALUES (2, 1, '2022-12-04 19:51:32.31884', '6be789b5-0d56-4cdc-8265-cb983be97659', 3477, 5, 2, 5);
INSERT INTO public.orders (id, count, date_time, number, price, status, person_id, product_id) VALUES (3, 1, '2022-12-04 19:57:37.559797', '92ca650b-a74b-431f-9045-0c67c7db3905', 1283, 5, 2, 2);
INSERT INTO public.orders (id, count, date_time, number, price, status, person_id, product_id) VALUES (4, 1, '2022-12-04 19:57:37.581684', '92ca650b-a74b-431f-9045-0c67c7db3905', 6951, 5, 2, 6);
INSERT INTO public.orders (id, count, date_time, number, price, status, person_id, product_id) VALUES (5, 1, '2022-12-11 09:38:31.301574', '169d2a83-316d-4d62-9fa7-402ec3aaa09e', 319, 5, 2, 1);
INSERT INTO public.orders (id, count, date_time, number, price, status, person_id, product_id) VALUES (6, 1, '2022-12-11 12:43:30.192415', '9b624b5b-12d0-4e1e-984e-0dc7819e05db', 1283, 5, 2, 2);


--
-- TOC entry 3356 (class 0 OID 17111)
-- Dependencies: 216
-- Data for Name: person; Type: TABLE DATA; Schema: public; Owner: postgres
--

INSERT INTO public.person (id, login, password, role) VALUES (1, 'admin', '$2a$10$QwP9eTnB/gH11QP6z2FY5exZu4FX2HgRMLw4vY2aoP1qYjLMwfDVy', 'ROLE_ADMIN');
INSERT INTO public.person (id, login, password, role) VALUES (2, 'user1', '$2a$10$r/6AEL8q4xyUf5wB2bZNTO02LUhYvy7sv85Txn4R1jv7w3GuRueZi', 'ROLE_USER');
INSERT INTO public.person (id, login, password, role) VALUES (3, 'user2', '$2a$10$WihorOSD4UWZ7/Q3LNth5ONuIJW0PiKPJkLS3kKodu/9dYaLZr7Te', 'ROLE_USER');


--
-- TOC entry 3358 (class 0 OID 17119)
-- Dependencies: 218
-- Data for Name: product; Type: TABLE DATA; Schema: public; Owner: postgres
--

INSERT INTO public.product (id, date_time, description, price, seller, title, warehouse, category_id) VALUES (1, '2022-12-02 17:35:02.380119', 'Чай черный листовой в подарочной шкатулке "Символ года 2023, Кролик" идеально пойдет родным, друзьям и коллегам. Жестяная прямоугольная шкатулка со съемной крышкой с элементами конгрева, покрыта глянцевым и матовым лаком. Размер: 17х9х5,5 см. Прекрасный подарок для любителей чая на Новый год и Рождество! Состав: 100% китайский чай черный листовой, ТМ Ча Бао Дянь Хун. Производитель и упаковщик чая - чайная компания Хунань Ти Групп, Китай, провинция Хуннань. Чай упакован в фольгу непосредственно в месте произрастания для сохранения свежести и аромата. Дян Хун - классический красный ферментированный чай (по российской классификации черный чай). Его изготавливают из молодых чайных листочков с добавлением типсов. У этого чая яркий рубиновый настой и насыщенный аромат с фруктовыми оттенками и медовыми нотками. Дян Хун обладает устойчивым послевкусием. ', 319, 'Wildberries', 'Чай черный листовой Символ года 2023 –Крольчиха ', 'Ставрополь', 1);
INSERT INTO public.product (id, date_time, description, price, seller, title, warehouse, category_id) VALUES (2, '2022-12-02 17:40:47.310288', 'Black Moon Arabica coffee 1кг характеризует интенсивность и насыщенность, благодаря свежей обжарке. Самый известный в мире сорт арабика. Наш лучший натуральный зерновой блэк мун 1000 г отличается богатым и бархатистым вкусом. Мы тщательно и с любовью отбираем каждое зерно. Здесь вы найдете идеально подобранный сочный букет с привкусом цитрусовых, спелого ореха и молочного шоколада. Черный кофе отлично подойдет для кофемашины, френч пресса, гейзерной кофеварки, турки или кружки. Свежеобжаренный rjat подходит для приготовления любого напитка: эспрессо, американо, капучино, латте. Мы рекомендуем молоть продукт прямо перед заваркой. Чтобы сохранить нужные качества и аромат в производстве используется наиболее современная экологичная крафтовая упаковка Зип лок. Вкусный подарок друзьям, жене, мужу, девушке, парню или для себя - это шикарная идея! Успейте купить наш коые со скидкой к 1 сентябрю учителю или преподавателю. ЭКО. Бразилия. Высший класс. По акции. Сертификат соответствия. ', 1283, 'Wildberries', 'Black moon. Кофе зернах 1 кг арабика 100% ', 'Ставрополь', 1);
INSERT INTO public.product (id, date_time, description, price, seller, title, warehouse, category_id) VALUES (3, '2022-12-02 17:42:31.049205', 'Моккачино с миндальным молоком /Для укрепления иммунитета/Кэроб + астрагал + бузина/Растворимый. Кофе на растительном молоке - возможность начать утро полезно и вкусно.Моккачино с миндальным молоком, кэробом, астрагалом и бузиной укрепляет иммунитет ', 748, 'Wildberries', 'ЛЕОВИТ.  Моккачино с миндальным молоком ', 'Ставрополь', 1);
INSERT INTO public.product (id, date_time, description, price, seller, title, warehouse, category_id) VALUES (4, '2022-12-02 17:59:02.576834', 'Устройство получило ультратонкие рамки с трех сторон, операционную систему Android TV, голосовое управление и стереодинамики с поддержкой Dolby Audio и DTS-HD.Черный корпус телевизора изготавливается из металла и пластика. С трех сторон он имеют ультратонкие рамки, благодаря чему обеспечивается полное погружение в просматриваемый контент.В нижней части девайсов находится кнопка включения. Есть светодиодная подсветка. Телевизор можно расположить как на подставке, так и с помощью настенного крепления.Интерфейс устройств представлен в виде двух портов USB 2.0, AV-входа, Ethernet (LAN), аудиоразъема 3,5 мм, HDMI-CEC и CI-слота.Экран телевизоров имеет угол обзора в 178 градусов и частоту обновления изображения в 60 Гц, поддерживают 4К-изображение (3840 х 2160 пикселей), отображают 1,07 млрд цветов, используют 88 % NTSC и 99,5 % DCI-P3.Благодаря технологиям Dolby Vision и HDR10+ картинка четкая, насыщенная и максимально детализированная. ', 28990, 'Ozon', 'Xiaomi Телевизор L43M6-6ARG/43" ', 'Краснодар', 3);
INSERT INTO public.product (id, date_time, description, price, seller, title, warehouse, category_id) VALUES (5, '2022-12-02 18:00:48.961964', 'Конденсаторный студийный USB микрофон A6V с RGB подсветкой отлично подойдет для записи подкастов, стримов, озвучки, проведения трансляций на ютубе, твиче или в Facebook. Он имеет кардиоидный капсюль, который обеспечивает высокую четкость и детализацию речи. В комплекте поставляется трипод и шок-маунт, что обеспечит удобное размещение микрофона на столе и минимизирует помехи. Микрофон Fifine A6V выполнен в эргономичном дизайне и легко устанавливается на комплектный трипод. Он имеет универсальное подключение USB-C и не требует дополнительных настроек для начала работы. На корпусе модели расположена кнопка отключения, а состояние работы отображается LED-индикатором. В нижней части устройства предусмотрен регулятор громкости. Fifine A6V позволяет без каких-либо помех и шумов записывать звук, а также общаться в онлайн-играх и различных программах, будь то Skype, Discord, Steam или TeamSpeak. ', 3477, 'Ozon', 'Конденсаторный USB-микрофон FIFINE ', 'Краснодар', 3);
INSERT INTO public.product (id, date_time, description, price, seller, title, warehouse, category_id) VALUES (6, '2022-12-02 18:02:42.715652', 'Звучит атмосферно: звук в три раза мощнее, лаконичный дизайн и ваша любимая Алиса. Музыка под настроение - для романтического вечера, тренировки или просто так. Алиса включит подходящий плейлист или подберёт музыку лично для вас. Алиса знает много сказок и игр, поможет учить уроки, узнавать новое и даже научит лучше выговаривать буквы.Станция Мини разбудит вас вовремя, напомнит покормить кота, расскажет новости, напомнит о важных или приятных делах.Отлично смотрится в разном интерьере.Сделайте дом умнее и уютнее: Алиса работает с сотнями устройств разных производителей.', 6951, 'Ozon', 'Яндекс. Станция Мини Плюс YNDX-00020 ', 'Краснодар', 3);
INSERT INTO public.product (id, date_time, description, price, seller, title, warehouse, category_id) VALUES (7, '2022-12-02 18:20:00.183037', 'Газовая варочная панель Simfer - модель, которая благодаря своим компактным размерам органично впишется в интерьер вашей кухни и сделает ежедневный процесс приготовления еды комфортным. 1 х большая конфорка 3000 Вт 2 х стандартная конфорка 1750 Вт 1 x экономичная конфорка 1000 Вт Материал решеток (Новинка!): LAMA (имитация под чугун) - матовая эмалированная сталь. Рабочая поверхность выполнена из прочного и долговечного материала. Материал решеток (Новинка!): LAMA (имитация под чугун) - матовая эмалированная сталь. На ней располагаются четыре конфорки - разные по диаметру и мощности пламени в них. А значит вы сможете выбрать оптимальную конфорку для приготовления разнообразных блюд. В поворотные переключатели встроен электроподжиг, который значительно упрощает работу с панелью. ', 7200, 'Яндекс', 'Simfer Варочная панель газовая ', 'Армавир', 2);
INSERT INTO public.product (id, date_time, description, price, seller, title, warehouse, category_id) VALUES (8, '2022-12-02 18:22:09.602154', 'Вытяжка Elikor Аметист S4 90Н-700-Э4Д имеет изящное изогнутое закаленное стекло. Дымчатый цвет стекла с полированной кромкой меньше пачкается и придает вытяжке завершенный вид. Прибор оснащен надежным электронным переключателем. С помощью удобных, крупных кнопок легко управлять четырьмя скоростями турбины и таймером остаточного хода на 15 минут. Вытяжка оснащена мощной турбиной производительностью 700 м3/ч, имеющей идеальное соотношение мощности и уровня шума в различных условиях эксплуатации. ', 14900, 'Яндекс Маркет', 'Вытяжка AMETHYST', 'Армавир', 2);
INSERT INTO public.product (id, date_time, description, price, seller, title, warehouse, category_id) VALUES (9, '2022-12-02 18:23:47.864116', 'Садовый измельчитель электрический DEKO DKSH3200 применяется для измельчения веток, листьев, растительного материала и других садовых отходов. - Для обеспечения маневренности данная модель оснащена колесами.- В комплекте поставляется проталкиватель, который служит для равномерного распределения подаваемого материала и исключает попадание рук в измельчающий механизм.- Технические характеристики:- Напряжение: 220-240 В- Частота: 50 Гц- Мощность: 3200 Вт- Число оборотов: 4500 об/мин- Максимальный диаметр веток: 45 мм- Объем бака: 60 л.', 10138, 'Яндекс Маркет', 'Садовый измельчитель электрический ', 'Армавир', 2);


--
-- TOC entry 3360 (class 0 OID 17128)
-- Dependencies: 220
-- Data for Name: product_cart; Type: TABLE DATA; Schema: public; Owner: postgres
--



--
-- TOC entry 3366 (class 0 OID 0)
-- Dependencies: 209
-- Name: category_id_seq; Type: SEQUENCE SET; Schema: public; Owner: postgres
--

SELECT pg_catalog.setval('public.category_id_seq', 3, true);


--
-- TOC entry 3367 (class 0 OID 0)
-- Dependencies: 211
-- Name: image_id_seq; Type: SEQUENCE SET; Schema: public; Owner: postgres
--

SELECT pg_catalog.setval('public.image_id_seq', 45, true);


--
-- TOC entry 3368 (class 0 OID 0)
-- Dependencies: 213
-- Name: orders_id_seq; Type: SEQUENCE SET; Schema: public; Owner: postgres
--

SELECT pg_catalog.setval('public.orders_id_seq', 6, true);


--
-- TOC entry 3369 (class 0 OID 0)
-- Dependencies: 215
-- Name: person_id_seq; Type: SEQUENCE SET; Schema: public; Owner: postgres
--

SELECT pg_catalog.setval('public.person_id_seq', 3, true);


--
-- TOC entry 3370 (class 0 OID 0)
-- Dependencies: 219
-- Name: product_cart_id_seq; Type: SEQUENCE SET; Schema: public; Owner: postgres
--

SELECT pg_catalog.setval('public.product_cart_id_seq', 13, true);


--
-- TOC entry 3371 (class 0 OID 0)
-- Dependencies: 217
-- Name: product_id_seq; Type: SEQUENCE SET; Schema: public; Owner: postgres
--

SELECT pg_catalog.setval('public.product_id_seq', 9, true);


--
-- TOC entry 3191 (class 2606 OID 17097)
-- Name: category category_pkey; Type: CONSTRAINT; Schema: public; Owner: postgres
--

ALTER TABLE ONLY public.category
    ADD CONSTRAINT category_pkey PRIMARY KEY (id);


--
-- TOC entry 3193 (class 2606 OID 17103)
-- Name: image image_pkey; Type: CONSTRAINT; Schema: public; Owner: postgres
--

ALTER TABLE ONLY public.image
    ADD CONSTRAINT image_pkey PRIMARY KEY (id);


--
-- TOC entry 3195 (class 2606 OID 17109)
-- Name: orders orders_pkey; Type: CONSTRAINT; Schema: public; Owner: postgres
--

ALTER TABLE ONLY public.orders
    ADD CONSTRAINT orders_pkey PRIMARY KEY (id);


--
-- TOC entry 3197 (class 2606 OID 17117)
-- Name: person person_pkey; Type: CONSTRAINT; Schema: public; Owner: postgres
--

ALTER TABLE ONLY public.person
    ADD CONSTRAINT person_pkey PRIMARY KEY (id);


--
-- TOC entry 3203 (class 2606 OID 17132)
-- Name: product_cart product_cart_pkey; Type: CONSTRAINT; Schema: public; Owner: postgres
--

ALTER TABLE ONLY public.product_cart
    ADD CONSTRAINT product_cart_pkey PRIMARY KEY (id);


--
-- TOC entry 3199 (class 2606 OID 17126)
-- Name: product product_pkey; Type: CONSTRAINT; Schema: public; Owner: postgres
--

ALTER TABLE ONLY public.product
    ADD CONSTRAINT product_pkey PRIMARY KEY (id);


--
-- TOC entry 3201 (class 2606 OID 17134)
-- Name: product uk_qka6vxqdy1dprtqnx9trdd47c; Type: CONSTRAINT; Schema: public; Owner: postgres
--

ALTER TABLE ONLY public.product
    ADD CONSTRAINT uk_qka6vxqdy1dprtqnx9trdd47c UNIQUE (title);


--
-- TOC entry 3205 (class 2606 OID 17140)
-- Name: orders fk1b0m4muwx1t377w9if3w6wwqn; Type: FK CONSTRAINT; Schema: public; Owner: postgres
--

ALTER TABLE ONLY public.orders
    ADD CONSTRAINT fk1b0m4muwx1t377w9if3w6wwqn FOREIGN KEY (person_id) REFERENCES public.person(id);


--
-- TOC entry 3207 (class 2606 OID 17150)
-- Name: product fk1mtsbur82frn64de7balymq9s; Type: FK CONSTRAINT; Schema: public; Owner: postgres
--

ALTER TABLE ONLY public.product
    ADD CONSTRAINT fk1mtsbur82frn64de7balymq9s FOREIGN KEY (category_id) REFERENCES public.category(id);


--
-- TOC entry 3206 (class 2606 OID 17145)
-- Name: orders fk787ibr3guwp6xobrpbofnv7le; Type: FK CONSTRAINT; Schema: public; Owner: postgres
--

ALTER TABLE ONLY public.orders
    ADD CONSTRAINT fk787ibr3guwp6xobrpbofnv7le FOREIGN KEY (product_id) REFERENCES public.product(id);


--
-- TOC entry 3204 (class 2606 OID 17135)
-- Name: image fkgpextbyee3uk9u6o2381m7ft1; Type: FK CONSTRAINT; Schema: public; Owner: postgres
--

ALTER TABLE ONLY public.image
    ADD CONSTRAINT fkgpextbyee3uk9u6o2381m7ft1 FOREIGN KEY (product_id) REFERENCES public.product(id);


--
-- TOC entry 3209 (class 2606 OID 17160)
-- Name: product_cart fkhpnrxdy3jhujameyod08ilvvw; Type: FK CONSTRAINT; Schema: public; Owner: postgres
--

ALTER TABLE ONLY public.product_cart
    ADD CONSTRAINT fkhpnrxdy3jhujameyod08ilvvw FOREIGN KEY (product_id) REFERENCES public.product(id);


--
-- TOC entry 3208 (class 2606 OID 17155)
-- Name: product_cart fksgnkc1ko2i1o9yr2p63ysq3rn; Type: FK CONSTRAINT; Schema: public; Owner: postgres
--

ALTER TABLE ONLY public.product_cart
    ADD CONSTRAINT fksgnkc1ko2i1o9yr2p63ysq3rn FOREIGN KEY (person_id) REFERENCES public.person(id);


-- Completed on 2022-12-11 13:58:39

--
-- PostgreSQL database dump complete
--

